Name,Ticker,Identifier,SEDOL,Weight,Shares Held,Local Currency
APPLE INC,AAPL,037833100,2046251,7.497237,165694419.000,USD
MICROSOFT CORP,MSFT,594918104,2588173,6.834744,83329106.000,USD
AMAZON.COM INC,AMZN,023135106,2000019,3.018835,100038950.000,USD
NVIDIA CORP,NVDA,67066G104,2379504,2.958653,27716244.000,USD
ALPHABET INC CL A,GOOGL,02079K305,BYVY8G0,1.902329,66609422.000,USD
TESLA INC,TSLA,88160R101,B616C79,1.872559,30205634.000,USD
META PLATFORMS INC CLASS A,META,30303M102,B7TL820,1.706768,24802211.000,USD
ALPHABET INC CL C,GOOG,02079K107,BYY88Y7,1.644128,57296699.000,USD
BERKSHIRE HATHAWAY INC CL B,BRK.B,084670702,2073390,1.624058,19994180.000,USD
UNITEDHEALTH GROUP INC,UNH,91324P102,2917766,1.246360,10438524.000,USD
JPMORGAN CHASE + CO,JPM,46625H100,2190385,1.200727,32764204.000,USD
JOHNSON + JOHNSON,JNJ,478160104,2475833,1.173800,29136612.000,USD
EXXON MOBIL CORP,XOM,30231G102,2326618,1.119484,45329612.000,USD
VISA INC CLASS A SHARES,V,92826C839,B2PZN04,1.012025,18143204.000,USD
BROADCOM INC,AVGO,11135F101,BDZ78H9,1.002357,4672414.000,USD
PROCTER + GAMBLE CO/THE,PG,742718109,2704407,0.949404,26418507.000,USD
ELI LILLY + CO,LLY,532457108,2516152,0.944314,8831698.000,USD
MASTERCARD INC   A,MA,57636Q104,B121557,0.879763,9381557.000,USD
HOME DEPOT INC,HD,437076102,2434209,0.862666,11353833.000,USD
CHEVRON CORP,CVX,166764100,2838555,0.742249,19538562.000,USD
MERCK + CO. INC.,MRK,58933Y105,2778844,0.714896,28449195.000,USD
PEPSICO INC,PEP,713448108,2681511,0.689708,15423079.000,USD
COSTCO WHOLESALE CORP,COST,22160K105,2701271,0.656328,4969161.000,USD
ABBVIE INC,ABBV,00287Y109,B92SR70,0.655453,19803561.000,USD
COCA COLA CO/THE,KO,191216100,2206657,0.634048,43585238.000,USD
ADOBE INC,ADBE,00724F101,2008154,0.631390,5142975.000,USD
WALMART INC,WMT,931142103,2936921,0.584141,15704118.000,USD
BANK OF AMERICA CORP,BAC,060505104,2295677,0.584025,77733377.000,USD
SALESFORCE INC,CRM,79466L302,2310525,0.579803,10976687.000,USD
THERMO FISHER SCIENTIFIC INC,TMO,883556102,2886907,0.576975,4324599.000,USD
CISCO SYSTEMS INC,CSCO,17275R102,2198163,0.574957,45901584.000,USD
MCDONALD S CORP,MCD,580135101,2550707,0.559022,8182164.000,USD
PFIZER INC,PFE,717081103,2684703,0.548165,63294063.000,USD
ACCENTURE PLC CL A,ACN,G1151C101,B4BNMY3,0.525517,7080706.000,USD
ABBOTT LABORATORIES,ABT,002824100,2002305,0.515288,19525282.000,USD
LINDE PLC,LIN,G54950103,BNZHB81,0.501626,5489285.000,USD
NETFLIX INC,NFLX,64110L106,2857817,0.498451,4987004.000,USD
ADVANCED MICRO DEVICES,AMD,007903107,2007849,0.476792,18055414.000,USD
ORACLE CORP,ORCL,68389X105,2661568,0.475581,17253749.000,USD
COMCAST CORP CLASS A,CMCSA,20030N101,2044545,0.471887,46634432.000,USD
WELLS FARGO + CO,WFC,949746101,2649100,0.447126,42069361.000,USD
DANAHER CORP,DHR,235851102,2250870,0.444928,7445872.000,USD
TEXAS INSTRUMENTS INC,TXN,882508104,2885409,0.441206,10146090.000,USD
WALT DISNEY CO/THE,DIS,254687106,2270726,0.409374,20457442.000,USD
NEXTERA ENERGY INC,NEE,65339F101,2328915,0.399952,22686250.000,USD
PHILIP MORRIS INTERNATIONAL,PM,718172109,B2PKRQ3,0.394297,17360360.000,USD
VERIZON COMMUNICATIONS INC,VZ,92343V104,2090571,0.376342,47033339.000,USD
INTEL CORP,INTC,458140100,2463247,0.372663,46764710.000,USD
CONOCOPHILLIPS,COP,20825C104,2685717,0.368350,13567080.000,USD
S+P GLOBAL INC,SPGI,78409V104,BYV2325,0.368318,3686490.000,USD
HONEYWELL INTERNATIONAL INC,HON,438516106,2020459,0.366615,7481877.000,USD
INTUIT INC,INTU,461202103,2459020,0.365573,3150924.000,USD
LOWE S COS INC,LOW,548661107,2536763,0.365540,6686318.000,USD
QUALCOMM INC,QCOM,747525103,2714923,0.364874,12483802.000,USD
CATERPILLAR INC,CAT,149123101,2180201,0.353852,5778002.000,USD
BRISTOL MYERS SQUIBB CO,BMY,110122108,2126335,0.351019,23554379.000,USD
UNITED PARCEL SERVICE CL B,UPS,911312106,2517382,0.350725,8126055.000,USD
NIKE INC  CL B,NKE,654106103,2640147,0.349616,13814013.000,USD
UNION PACIFIC CORP,UNP,907818108,2914734,0.345135,6851695.000,USD
RAYTHEON TECHNOLOGIES CORP,RTX,75513E101,BM5M5Y3,0.333918,16405100.000,USD
INTL BUSINESS MACHINES CORP,IBM,459200101,2005973,0.333873,10180940.000,USD
GENERAL ELECTRIC CO,GE,369604301,BL59CR9,0.333434,12178319.000,USD
AMGEN INC,AMGN,031162100,2023607,0.328828,5979786.000,USD
MORGAN STANLEY,MS,617446448,2262314,0.322821,14630326.000,USD
BOEING CO/THE,BA,097023105,2108601,0.317252,6340215.000,USD
DEERE + CO,DE,244199105,2261203,0.315851,3028188.000,USD
SERVICENOW INC,NOW,81762P102,B80NXX8,0.310912,2284480.000,USD
MEDTRONIC PLC,MDT,G5960L103,BTN1Y11,0.309678,14896101.000,USD
STARBUCKS CORP,SBUX,855244109,2842255,0.309557,12870571.000,USD
APPLIED MATERIALS INC,AMAT,038222105,2046552,0.309024,9441374.000,USD
GOLDMAN SACHS GROUP INC,GS,38141G104,2407966,0.308958,3727306.000,USD
PROLOGIS INC,PLD,74340W103,B44WZD7,0.306566,10321322.000,USD
INTUITIVE SURGICAL INC,ISRG,46120E602,2871301,0.303436,3923984.000,USD
ELEVANCE HEALTH INC,ELV,036752103,BSPHGL4,0.295551,2657780.000,USD
BLACKROCK INC,BLK,09247X101,2494504,0.292826,1679641.000,USD
BOOKING HOLDINGS INC,BKNG,09857L108,BDRXDB4,0.284736,414088.000,USD
AT+T INC,T,00206R102,2831811,0.276089,79825881.000,USD
LOCKHEED MARTIN CORP,LMT,539830109,2522096,0.268193,2527002.000,USD
MONDELEZ INTERNATIONAL INC A,MDLZ,609207105,B8CKK03,0.265495,15270059.000,USD
TJX COMPANIES INC,TJX,872540109,2989301,0.263873,12937100.000,USD
AUTOMATIC DATA PROCESSING,ADP,053015103,2065308,0.260759,4639995.000,USD
ANALOG DEVICES INC,ADI,032654105,2032067,0.259530,5675996.000,USD
AMERICAN EXPRESS CO,AXP,025816109,2026082,0.259308,6664353.000,USD
STRYKER CORP,SYK,863667101,2853688,0.256701,3775941.000,USD
SCHWAB (CHARLES) CORP,SCHW,808513105,2779397,0.254802,16661578.000,USD
CVS HEALTH CORP,CVS,126650100,2577609,0.254254,14379966.000,USD
GILEAD SCIENCES INC,GILD,375558103,2369174,0.252035,13964693.000,USD
MARSH + MCLENNAN COS,MMC,571748102,2567741,0.249698,5545145.000,USD
VERTEX PHARMACEUTICALS INC,VRTX,92532F100,2931034,0.240909,2879081.000,USD
CITIGROUP INC,C,172967424,2297907,0.240192,21826627.000,USD
ZOETIS INC,ZTS,98978V103,B95WG16,0.230128,5178821.000,USD
LAM RESEARCH CORP,LRCX,512807108,2502247,0.229582,1510846.000,USD
THE CIGNA GROUP,CI,125523100,BHJ0775,0.228446,3317225.000,USD
AMERICAN TOWER CORP,AMT,03027X100,B7FBFL2,0.227247,5205971.000,USD
SCHLUMBERGER LTD,SLB,806857108,2779201,0.215126,15904574.000,USD
T MOBILE US INC,TMUS,872590104,B94Q9V0,0.215000,6457616.000,USD
EATON CORP PLC,ETN,G29183103,B8KQN82,0.214713,4453861.000,USD
PAYPAL HOLDINGS INC,PYPL,70450Y103,BYW36M8,0.213282,12509115.000,USD
ALTRIA GROUP INC,MO,02209S103,2692632,0.212391,19992312.000,USD
CHUBB LTD,CB,H1467J104,B3BQMF6,0.212015,4640145.000,USD
FISERV INC,FI,337738108,2342034,0.210361,6921160.000,USD
BECTON DICKINSON AND CO,BDX,075887109,2087807,0.210340,3176995.000,USD
SOUTHERN CO/THE,SO,842587107,2829601,0.206537,12171905.000,USD
REGENERON PHARMACEUTICALS,REGN,75886F107,2730190,0.205334,1203832.000,USD
EQUINIX INC,EQIX,29444U700,BVLZX12,0.200073,1048587.000,USD
BOSTON SCIENTIFIC CORP,BSX,101137107,2113434,0.197423,16119077.000,USD
EOG RESOURCES INC,EOG,26875P101,2318024,0.197194,6566692.000,USD
PALO ALTO NETWORKS INC,PANW,697435105,B87ZMX0,0.192588,3392667.000,USD
DUKE ENERGY CORP,DUK,26441C204,B7VD3F2,0.191745,8610598.000,USD
PROGRESSIVE CORP,PGR,743315103,2705024,0.188874,6541632.000,USD
MICRON TECHNOLOGY INC,MU,595112103,2588184,0.187564,12220030.000,USD
ILLINOIS TOOL WORKS,ITW,452308109,2457552,0.185923,3108019.000,USD
AON PLC CLASS A,AON,G0403H108,BLP1HW5,0.184432,2299505.000,USD
SYNOPSYS INC,SNPS,871607107,2867719,0.182076,1706929.000,USD
CME GROUP INC,CME,12572Q105,2965839,0.179735,4022132.000,USD
AIR PRODUCTS + CHEMICALS INC,APD,009158106,2011602,0.177255,2479978.000,USD
CSX CORP,CSX,126408103,2160753,0.176693,22794504.000,USD
ACTIVISION BLIZZARD INC,ATVI,00507V109,2575818,0.172837,7975799.000,USD
NORTHROP GRUMMAN CORP,NOC,666807102,2648806,0.172101,1610806.000,USD
CADENCE DESIGN SYS INC,CDNS,127387108,2302232,0.171051,3071692.000,USD
INTERCONTINENTAL EXCHANGE IN,ICE,45866F104,BFSSDS9,0.170445,6258425.000,USD
SHERWIN WILLIAMS CO/THE,SHW,824348106,2804211,0.170281,2640451.000,USD
COLGATE PALMOLIVE CO,CL,194162103,2209106,0.170131,9352724.000,USD
KLA CORP,KLAC,482480100,2480138,0.167480,1537556.000,USD
WASTE MANAGEMENT INC,WM,94106L109,2937667,0.166868,4157520.000,USD
FREEPORT MCMORAN INC,FCX,35671D857,2352118,0.163428,16006656.000,USD
TARGET CORP,TGT,87612E106,2259101,0.160663,5145957.000,USD
3M CO W/D,MMM,88579Y101,2595708,0.158609,6179642.000,USD
FEDEX CORP,FDX,31428X106,2142784,0.157780,2600175.000,USD
HCA HEALTHCARE INC,HCA,40412C101,B4MGBG6,0.154349,2313177.000,USD
O REILLY AUTOMOTIVE INC,ORLY,67103H107,B65LWX6,0.153798,682480.000,USD
CHIPOTLE MEXICAN GRILL INC,CMG,169656105,B0X7DZ3,0.151113,309048.000,USD
NXP SEMICONDUCTORS NV,NXPI,N6596X109,B505PN7,0.148868,2897022.000,USD
MOODY S CORP,MCO,615369105,2252058,0.148590,1757919.000,USD
HUMANA INC,HUM,444859102,2445063,0.148587,1399448.000,USD
MCKESSON CORP,MCK,58155Q103,2378534,0.146055,1519664.000,USD
EDWARDS LIFESCIENCES CORP,EW,28176E108,2567116,0.145623,6796900.000,USD
MARATHON PETROLEUM CORP,MPC,56585A102,B3K3L40,0.142973,4757017.000,USD
NORFOLK SOUTHERN CORP,NSC,655844108,2641894,0.141393,2550982.000,USD
PNC FINANCIAL SERVICES GROUP,PNC,693475105,2692665,0.140700,4508592.000,USD
FORD MOTOR CO,F,345370860,2615468,0.139614,43993387.000,USD
EMERSON ELECTRIC CO,EMR,291011104,2313405,0.138445,6398358.000,USD
GENERAL MOTORS CO,GM,37045V100,B665KZ5,0.138395,15617382.000,USD
US BANCORP,USB,902973304,2736035,0.138041,15602135.000,USD
ROPER TECHNOLOGIES INC,ROP,776696106,2749602,0.137006,1185916.000,USD
PIONEER NATURAL RESOURCES CO,PXD,723787107,2690830,0.134441,2620568.000,USD
PARKER HANNIFIN CORP,PH,701094104,2671501,0.133626,1436376.000,USD
FORTINET INC,FTNT,34959E109,B5B2106,0.132719,7249480.000,USD
MARRIOTT INTERNATIONAL  CL A,MAR,571903202,2210614,0.131627,2890992.000,USD
DEXCOM INC,DXCM,252131107,B0796X4,0.131160,4318645.000,USD
AMPHENOL CORP CL A,APH,032095101,2145084,0.131095,6653702.000,USD
MOTOROLA SOLUTIONS INC,MSI,620076307,B5BKPQ4,0.130393,1872641.000,USD
MICROCHIP TECHNOLOGY INC,MCHP,595017104,2592174,0.130241,6135191.000,USD
PHILLIPS 66,PSX,718546104,B78C4Y8,0.129498,5144727.000,USD
GENERAL DYNAMICS CORP,GD,369550108,2365161,0.128382,2520018.000,USD
CROWN CASTLE INC,CCI,22822V101,BTGQCX1,0.125053,4841403.000,USD
SEMPRA ENERGY,SRE,816851109,2138158,0.124361,3514683.000,USD
ECOLAB INC,ECL,278865100,2304227,0.123772,2775158.000,USD
ARTHUR J GALLAGHER + CO,AJG,363576109,2359506,0.123653,2401641.000,USD
ARCHER DANIELS MIDLAND CO,ADM,039483102,2047317,0.123493,6141145.000,USD
JOHNSON CONTROLS INTERNATION,JCI,G51502105,BY7QL61,0.123424,7673270.000,USD
PUBLIC STORAGE,PSA,74460D109,2852533,0.121499,1770099.000,USD
TRANSDIGM GROUP INC,TDG,893641100,B11FJK3,0.121318,580861.000,USD
IDEXX LABORATORIES INC,IDXX,45168D104,2459202,0.120726,928024.000,USD
AUTOZONE INC,AZO,053332102,2065955,0.120599,206323.000,USD
OCCIDENTAL PETROLEUM CORP,OXY,674599105,2655408,0.120453,8128642.000,USD
AUTODESK INC,ADSK,052769106,2065159,0.119101,2418164.000,USD
GENERAL MILLS INC,GIS,370334104,2367026,0.118643,6601115.000,USD
CARRIER GLOBAL CORP,CARR,14448C104,BK4N0D7,0.118137,9377241.000,USD
DOMINION ENERGY INC,D,25746U109,2542049,0.118022,9331689.000,USD
VALERO ENERGY CORP,VLO,91913Y100,2041364,0.117968,4053318.000,USD
PACCAR INC,PCAR,693718108,2665861,0.117652,5833035.500,USD
TE CONNECTIVITY LTD,TEL,H84989104,B62B7C3,0.117574,3563130.000,USD
AMERICAN ELECTRIC POWER,AEP,025537101,2026242,0.117528,5745043.000,USD
KIMBERLY CLARK CORP,KMB,494368103,2491839,0.117401,3779534.000,USD
TRANE TECHNOLOGIES PLC,TT,G8994E103,BK9ZQ96,0.116957,2574060.000,USD
CINTAS CORP,CTAS,172908105,2197137,0.116735,967229.000,USD
MONSTER BEVERAGE CORP,MNST,61174X109,BZ07BW4,0.115589,8516214.000,USD
CONSTELLATION BRANDS INC A,STZ,21036P108,2170473,0.115059,1814262.000,USD
MSCI INC,MSCI,55354G100,B2972D2,0.114575,894348.000,USD
NUCOR CORP,NUE,670346105,2651086,0.114463,2833197.000,USD
CAPITAL ONE FINANCIAL CORP,COF,14040H105,2654461,0.114449,4276873.000,USD
AMERICAN INTERNATIONAL GROUP,AIG,026874784,2027342,0.113571,8114648.000,USD
TRUIST FINANCIAL CORP,TFC,89832Q109,BKP7287,0.112944,14834316.000,USD
ON SEMICONDUCTOR,ON,682189105,2583576,0.112834,4826388.000,USD
ARISTA NETWORKS INC,ANET,040413106,BN33VM5,0.112759,2771628.000,USD
IQVIA HOLDINGS INC,IQV,46266C105,BDR73G1,0.112409,2077186.000,USD
EXELON CORP,EXC,30161N101,2670519,0.111879,11128468.000,USD
REALTY INCOME CORP,O,756109104,2724193,0.111289,7548271.000,USD
CHARTER COMMUNICATIONS INC A,CHTR,16119P108,BZ6VT82,0.108492,1164383.000,USD
ESTEE LAUDER COMPANIES CL A,EL,518439104,2320524,0.108149,2594377.000,USD
WELLTOWER INC,WELL,95040Q104,BYVYHH4,0.108009,5572516.000,USD
WILLIAMS COS INC,WMB,969457100,2967181,0.107814,13577183.000,USD
DR HORTON INC,DHI,23331A109,2250687,0.107110,3498763.000,USD
HESS CORP,HES,42809H107,2023748,0.106986,3107142.000,USD
SIMON PROPERTY GROUP INC,SPG,828806109,2812452,0.105835,3661433.000,USD
HILTON WORLDWIDE HOLDINGS IN,HLT,43300A203,BYVMW06,0.105382,2983825.000,USD
MODERNA INC,MRNA,60770K107,BGSXTS3,0.105186,3693321.000,USD
CORTEVA INC,CTVA,22052L104,BK73B42,0.105103,7998428.000,USD
PAYCHEX INC,PAYX,704326107,2674458,0.104776,3586243.000,USD
AFLAC INC,AFL,001055102,2026361,0.104447,6164762.000,USD
TRAVELERS COS INC/THE,TRV,89417E109,2769503,0.104104,2588183.000,USD
METLIFE INC,MET,59156R108,2573209,0.104029,7212489.000,USD
BIOGEN INC,BIIB,09062X103,2455965,0.102007,1614827.000,USD
ROSS STORES INC,ROST,778296103,2746711,0.101368,3855376.000,USD
CENTENE CORP,CNC,15135B101,2807061,0.101348,6167297.000,USD
ROCKWELL AUTOMATION INC,ROK,773903109,2754060,0.101097,1280324.000,USD
COPART INC,CPRT,217204106,2208073,0.100964,4791375.000,USD
YUM  BRANDS INC,YUM,988498101,2098876,0.100796,3148552.000,USD
L3HARRIS TECHNOLOGIES INC,LHX,502431109,BK9DTN5,0.100324,2130007.000,USD
SYSCO CORP,SYY,871829107,2868165,0.100176,5676225.000,USD
AGILENT TECHNOLOGIES INC,A,00846U101,2520153,0.098461,3309459.000,USD
DOW INC,DOW,260557103,BHXCF84,0.098339,7868466.000,USD
AMERIPRISE FINANCIAL INC,AMP,03076C106,B0J7D57,0.097683,1178521.000,USD
COSTAR GROUP INC,CSGP,22160N109,2262864,0.097557,4547476.000,USD
FIDELITY NATIONAL INFO SERV,FIS,31620M106,2769796,0.096310,6634349.000,USD
OTIS WORLDWIDE CORP,OTIS,68902V107,BK531S8,0.095687,4675779.000,USD
AMETEK INC,AME,031100100,2089212,0.095395,2571875.000,USD
CUMMINS INC,CMI,231021106,2240202,0.095326,1582230.000,USD
ELECTRONIC ARTS INC,EA,285512109,2310194,0.095132,2916707.000,USD
DOLLAR GENERAL CORP,DG,256677105,B5B1S13,0.094549,2456659.000,USD
HERSHEY CO/THE,HSY,427866108,2422806,0.093860,1646067.000,USD
OLD DOMINION FREIGHT LINE,ODFL,679580100,2656423,0.093586,1012890.000,USD
BAKER HUGHES CO,BKR,05722G100,BDHLTQ5,0.093525,11197785.000,USD
KINDER MORGAN INC,KMI,49456B101,B3NQ4P8,0.093227,22089247.000,USD
XCEL ENERGY INC,XEL,98389B100,2614807,0.092882,6118481.000,USD
DUPONT DE NEMOURS INC,DD,26614N102,BK0VN47,0.092079,5130485.000,USD
DIGITAL REALTY TRUST INC,DLR,253868103,B03GQS4,0.092078,3266571.000,USD
PRUDENTIAL FINANCIAL INC,PRU,744320102,2819118,0.091708,4113973.000,USD
HALLIBURTON CO,HAL,406216101,2405302,0.091150,10152077.000,USD
NEWMONT CORP,NEM,651639106,2636607,0.090589,8888863.000,USD
WW GRAINGER INC,GWW,384802104,2380863,0.090390,504546.000,USD
COGNIZANT TECH SOLUTIONS A,CTSH,192446102,2257019,0.090348,5698853.000,USD
PPG INDUSTRIES INC,PPG,693506107,2698470,0.089970,2618844.000,USD
VERISK ANALYTICS INC,VRSK,92345Y106,B4P9W92,0.089877,1623327.000,USD
DEVON ENERGY CORP,DVN,25179M103,2480677,0.089743,7191484.000,USD
CONSOLIDATED EDISON INC,ED,209115104,2216850,0.088719,3885396.000,USD
FASTENAL CO,FAST,311900104,2332262,0.087035,6392608.000,USD
VICI PROPERTIES INC,VICI,925652109,BYWH073,0.086260,11239945.000,USD
LENNAR CORP A,LEN,526057104,2511920,0.084659,2840422.000,USD
PUBLIC SERVICE ENTERPRISE GP,PEG,744573106,2707677,0.084599,5579673.000,USD
BANK OF NEW YORK MELLON CORP,BK,064058100,B1Z77F6,0.084256,8047855.000,USD
RESMED INC,RMD,761152107,2732903,0.084240,1638603.000,USD
CONSTELLATION ENERGY,CEG,21037T109,BMH4FS1,0.083313,3655762.000,USD
KROGER CO,KR,501044101,2497406,0.082895,7285264.000,USD
DOLLAR TREE INC,DLTR,256746108,2272476,0.082650,2328013.000,USD
REPUBLIC SERVICES INC,RSG,760759100,2262530,0.082344,2288794.000,USD
GE HEALTHCARE TECHNOLOGY,GEHC,36266G107,BL6JPG8,0.082100,4379981.000,USD
UNITED RENTALS INC,URI,911363109,2134781,0.081497,774591.000,USD
AMERISOURCEBERGEN CORP,ABC,03073E105,2795393,0.081208,1810937.000,USD
EXTRA SPACE STORAGE INC,EXR,30225T102,B02HWR9,0.080288,2366631.000,USD
KEYSIGHT TECHNOLOGIES IN,KEYS,49338L103,BQZJ0Q9,0.079249,2004846.000,USD
ONEOK INC,OKE,682680103,2130109,0.078877,4997433.000,USD
ARCH CAPITAL GROUP LTD,ACGL,G0450A105,2740542,0.078635,4135816.000,USD
ANSYS INC,ANSS,03662Q105,2045623,0.078462,975535.000,USD
DELTA AIR LINES INC,DAL,247361702,B1W9D46,0.077933,7181064.000,USD
ILLUMINA INC,ILMN,452327109,2613990,0.077822,1758720.000,USD
APTIV PLC,APTV,G6095L109,B783TY6,0.077804,3029433.000,USD
VULCAN MATERIALS CO,VMC,929160109,2931205,0.077181,1486017.000,USD
ZIMMER BIOMET HOLDINGS INC,ZBH,98956P102,2783815,0.076919,2346024.000,USD
QUANTA SERVICES INC,PWR,74762E102,2150204,0.076830,1600620.000,USD
GLOBAL PAYMENTS INC,GPN,37940X102,2712013,0.076805,2946019.000,USD
ALLSTATE CORP,ALL,020002101,2019952,0.076532,2964547.000,USD
METTLER TOLEDO INTERNATIONAL,MTD,592688105,2126249,0.076380,248942.000,USD
WEC ENERGY GROUP INC,WEC,92939U106,BYY8XK8,0.075857,3526739.000,USD
KRAFT HEINZ CO/THE,KHC,500754106,BYRY499,0.075803,8874751.000,USD
P G + E CORP,PCG,69331C108,2689560,0.075557,18002249.000,USD
GARTNER INC,IT,366651107,2372763,0.074939,881410.000,USD
AMERICAN WATER WORKS CO INC,AWK,030420103,B2R3PV1,0.074883,2161165.000,USD
HP INC,HPQ,40434L105,BYX4D52,0.074870,9679075.000,USD
MARTIN MARIETTA MATERIALS,MLM,573284106,2572079,0.074461,695298.000,USD
WEST PHARMACEUTICAL SERVICES,WST,955306105,2950482,0.073058,828958.000,USD
CBRE GROUP INC   A,CBRE,12504L109,B6WVMH3,0.072718,3531618.000,USD
WARNER BROS DISCOVERY INC,WBD,934423104,BM8JYX3,0.072464,24747481.000,USD
EDISON INTERNATIONAL,EIX,281020107,2829515,0.072231,4269738.000,USD
DISCOVER FINANCIAL SERVICES,DFS,254709108,B1YLC43,0.071831,2847137.000,USD
KEURIG DR PEPPER INC,KDP,49271V100,BD3W133,0.071487,9464823.000,USD
XYLEM INC,XYL,98419M100,B3P2CN8,0.071273,2667128.000,USD
AVALONBAY COMMUNITIES INC,AVB,053484101,2131179,0.070369,1564588.000,USD
DIAMONDBACK ENERGY INC,FANG,25278X109,B7Y8YR3,0.070219,2057490.000,USD
T ROWE PRICE GROUP INC,TROW,74144T108,2702337,0.070089,2512514.000,USD
INGERSOLL RAND INC,IR,45687V106,BL5GZ82,0.068952,4534442.000,USD
FORTIVE CORP,FTV,34959J108,BYT3MK1,0.068531,3954369.000,USD
EBAY INC,EBAY,278642103,2293819,0.068484,6066102.000,USD
CORNING INC,GLW,219350105,2224701,0.067734,8524813.000,USD
CDW CORP/DE,CDW,12514G108,BBM5MD6,0.067652,1516152.000,USD
EVERSOURCE ENERGY,ES,30040W108,BVVN4Q8,0.067349,3900313.000,USD
EQUIFAX INC,EFX,294429105,2319146,0.066538,1368935.000,USD
WEYERHAEUSER CO,WY,962166104,2958936,0.066461,8272168.000,USD
WILLIS TOWERS WATSON PLC,WTW,G96629103,BDB6Q21,0.065089,1195387.000,USD
ALBEMARLE CORP,ALB,012653101,2046853,0.065046,1309776.000,USD
MONOLITHIC POWER SYSTEMS INC,MPWR,609839105,B01Z7J1,0.064614,501321.000,USD
BAXTER INTERNATIONAL INC,BAX,071813109,2085102,0.064455,5651923.000,USD
ENPHASE ENERGY INC,ENPH,29355A107,B65SQW4,0.063846,1522303.000,USD
CARDINAL HEALTH INC,CAH,14149Y108,2175672,0.063174,2884159.000,USD
ALIGN TECHNOLOGY INC,ALGN,016255101,2679204,0.062918,810604.000,USD
TAKE TWO INTERACTIVE SOFTWRE,TTWO,874054109,2122117,0.062666,1775512.000,USD
CHURCH + DWIGHT CO INC,CHD,171340102,2195841,0.062525,2730982.000,USD
DTE ENERGY COMPANY,DTE,233331107,2280220,0.062341,2310852.000,USD
SBA COMMUNICATIONS CORP,SBAC,78410G104,BZ6TS23,0.062228,1209059.000,USD
LYONDELLBASELL INDU CL A,LYB,N53745100,B3SPXZ3,0.062107,2835122.000,USD
STATE STREET CORP,STT,857477103,2842040,0.061944,3747593.000,USD
TRACTOR SUPPLY COMPANY,TSCO,892356106,2900335,0.061467,1236486.000,USD
M + T BANK CORP,MTB,55261F104,2340168,0.061070,1895451.000,USD
HARTFORD FINANCIAL SVCS GRP,HIG,416515104,2476193,0.060538,3476751.000,USD
STERIS PLC,STE,G8473T100,BFY8C75,0.060403,1109226.000,USD
ULTA BEAUTY INC,ULTA,90384S303,B28TS42,0.060391,572182.000,USD
EQUITY RESIDENTIAL,EQR,29476L107,2319157,0.059914,3814079.000,USD
AMEREN CORPORATION,AEE,023608102,2050832,0.059467,2891002.000,USD
HEWLETT PACKARD ENTERPRISE,HPE,42824C109,BYVYWS0,0.059273,14419362.000,USD
MCCORMICK + CO NON VTG SHRS,MKC,579780206,2550161,0.058816,2802083.000,USD
GENUINE PARTS CO,GPC,372460105,2367480,0.058302,1580716.000,USD
INTL FLAVORS + FRAGRANCES,IFF,459506101,2464165,0.057969,2850561.000,USD
ROYAL CARIBBEAN CRUISES LTD,RCL,V7780T103,2754907,0.057952,2440331.000,USD
ENTERGY CORP,ETR,29364G103,2317087,0.057866,2370671.000,USD
WALGREENS BOOTS ALLIANCE INC,WBA,931427108,BTN1Y44,0.057555,8024962.000,USD
FIRSTENERGY CORP,FE,337932107,2100920,0.056618,6049322.000,USD
FAIR ISAAC CORP,FICO,303250104,2330299,0.056118,281690.000,USD
RAYMOND JAMES FINANCIAL INC,RJF,754730109,2718992,0.055532,2158490.000,USD
SOUTHWEST AIRLINES CO,LUV,844741108,2831543,0.055127,6639357.000,USD
COTERRA ENERGY INC,CTRA,127097103,2162340,0.053882,8492442.000,USD
WABTEC CORP,WAB,929740108,2955733,0.053791,2026406.000,USD
DOVER CORP,DOV,260003108,2278407,0.053704,1568529.000,USD
INVITATION HOMES INC,INVH,46187W107,BD81GW9,0.053664,6459508.000,USD
PPL CORP,PPL,69351T106,2680905,0.053563,8194592.000,USD
DARDEN RESTAURANTS INC,DRI,237194105,2289874,0.053548,1365400.000,USD
HOLOGIC INC,HOLX,436440101,2433530,0.053134,2790826.000,USD
BROADRIDGE FINANCIAL SOLUTIO,BR,11133T103,B1VP7R6,0.052591,1315507.000,USD
FIRST SOLAR INC,FSLR,336433107,B1HMF22,0.051811,1108477.000,USD
VENTAS INC,VTR,92276F100,2927925,0.051596,4479310.000,USD
LABORATORY CRP OF AMER HLDGS,LH,50540R409,2586122,0.051333,990809.000,USD
INSULET CORP,PODD,45784P101,B1XGNW4,0.051308,779281.000,USD
CENTERPOINT ENERGY INC,CNP,15189T107,2440637,0.051238,7049940.000,USD
ALEXANDRIA REAL ESTATE EQUIT,ARE,015271109,2009210,0.051011,1763908.000,USD
TELEDYNE TECHNOLOGIES INC,TDY,879360105,2503477,0.050869,524877.000,USD
VERISIGN INC,VRSN,92343E102,2142922,0.050573,1025391.000,USD
FIFTH THIRD BANCORP,FITB,316773100,2336747,0.050265,7673644.000,USD
NVR INC,NVR,62944T105,2637785,0.050223,33785.000,USD
EXPEDITORS INTL WASH INC,EXPD,302130109,2325507,0.050221,1713051.000,USD
COOPER COS INC/THE,COO,216648402,2222631,0.049871,552450.000,USD
CLOROX COMPANY,CLX,189054109,2204026,0.049469,1383474.000,USD
PRINCIPAL FINANCIAL GROUP,PFG,74251V102,2803014,0.049262,2544031.000,USD
PULTEGROUP INC,PHM,745867101,2708841,0.049232,2525439.000,USD
LAS VEGAS SANDS CORP,LVS,517834107,B02T2J7,0.049062,3660717.000,USD
REGIONS FINANCIAL CORP,RF,7591EP100,B01R311,0.048875,10488646.000,USD
FLEETCOR TECHNOLOGIES INC,FLT,339041105,B4R28B3,0.048644,824666.000,USD
BALL CORP,BALL,058498106,2073022,0.048456,3501918.000,USD
HOWMET AEROSPACE INC,HWM,443201108,BKLJ8V2,0.048293,4114909.000,USD
CMS ENERGY CORP,CMS,125896100,2219224,0.048064,3261530.000,USD
TARGA RESOURCES CORP,TRGP,87612G101,B55PZY3,0.048038,2516987.000,USD
TERADYNE INC,TER,880770102,2884183,0.047861,1747037.000,USD
MOLINA HEALTHCARE INC,MOH,60855R100,2212706,0.047805,648075.000,USD
IRON MOUNTAIN INC,IRM,46284V101,BVFTF03,0.047224,3255635.000,USD
SKYWORKS SOLUTIONS INC,SWKS,83088M102,2961053,0.047108,1785797.000,USD
ATMOS ENERGY CORP,ATO,049560105,2315359,0.046402,1603246.000,USD
UNITED AIRLINES HOLDINGS INC,UAL,910047109,B4QG225,0.046310,3654896.000,USD
MID AMERICA APARTMENT COMM,MAA,59522J103,2589132,0.045895,1293491.000,USD
CARNIVAL CORP,CCL,143658300,2523044,0.045765,11222710.000,USD
KELLOGG CO,K,487836108,2486813,0.045453,2861955.000,USD
NASDAQ INC,NDAQ,631103108,2965107,0.045080,3777232.000,USD
PAYCOM SOFTWARE INC,PAYC,70432V102,BL95MY0,0.044937,543478.000,USD
NETAPP INC,NTAP,64110D104,2630643,0.044881,2429217.000,USD
HUNTINGTON BANCSHARES INC,HBAN,446150104,2445966,0.044734,15991902.000,USD
WATERS CORP,WAT,941848103,2937689,0.044644,666711.000,USD
BROWN + BROWN INC,BRO,115236101,2692687,0.044579,2632257.000,USD
TYLER TECHNOLOGIES INC,TYL,902252105,2909644,0.044401,465589.000,USD
STEEL DYNAMICS INC,STLD,858119100,2849472,0.044207,1799561.000,USD
OMNICOM GROUP,OMC,681919106,2279303,0.044005,2279710.000,USD
FACTSET RESEARCH SYSTEMS INC,FDS,303075105,2329770,0.043984,428501.000,USD
EXPEDIA GROUP INC,EXPE,30212P303,B748CK2,0.043876,1598824.000,USD
BEST BUY CO INC,BBY,086516101,2094670,0.043763,2204460.000,USD
HUNT (JB) TRANSPRT SVCS INC,JBHT,445658107,2445416,0.043314,927855.000,USD
MARATHON OIL CORP,MRO,565849106,2910970,0.043094,7097990.000,USD
REVVITY INC,RVTY,714046109,2305844,0.042827,1414394.000,USD
GARMIN LTD,GRMN,H2906T109,B3Z5T14,0.042773,1718757.000,USD
JM SMUCKER CO/THE,SJM,832696405,2951452,0.042754,1195907.000,USD
NORTHERN TRUST CORP,NTRS,665859104,2648668,0.042733,2333919.000,USD
BUNGE LTD,BG,G16962105,2788713,0.042436,1681389.000,USD
JACOBS SOLUTIONS INC,J,46982L108,BNGC0D3,0.042372,1436630.000,USD
CINCINNATI FINANCIAL CORP,CINF,172062101,2196888,0.042139,1773034.000,USD
QUEST DIAGNOSTICS INC,DGX,74834L100,2702791,0.042095,1242964.000,USD
CF INDUSTRIES HOLDINGS INC,CF,125269100,B0G4K50,0.041560,2193395.000,USD
CONAGRA BRANDS INC,CAG,205887102,2215460,0.041291,5301276.000,USD
IDEX CORP,IEX,45167R104,2456612,0.041260,838832.000,USD
EVEREST GROUP LTD,EG,G3223R108,2556868,0.041191,480837.000,USD
ZEBRA TECHNOLOGIES CORP CL A,ZBRA,989207105,2989356,0.040640,576925.000,USD
TYSON FOODS INC CL A,TSN,902494103,2909730,0.040526,3197811.000,USD
SYNCHRONY FINANCIAL,SYF,87165B103,BP96PS6,0.040204,4893062.000,USD
PTC INC,PTC,69370C100,B95N910,0.040174,1191842.000,USD
ESSEX PROPERTY TRUST INC,ESS,297178105,2316619,0.040160,716733.000,USD
CITIZENS FINANCIAL GROUP,CFG,174610105,BQRX1X3,0.039919,5480264.000,USD
AMCOR PLC,AMCR,G0250X107,BJ1F307,0.039859,16754515.000,USD
CBOE GLOBAL MARKETS INC,CBOE,12503M108,B5834C5,0.039330,1177084.000,USD
MGM RESORTS INTERNATIONAL,MGM,552953101,2547419,0.039328,3385429.000,USD
LAMB WESTON HOLDINGS INC,LW,513272104,BDQZFJ3,0.039275,1600585.000,USD
STANLEY BLACK + DECKER INC,SWK,854502101,B3Q2FJ4,0.038655,1716959.000,USD
POOL CORP,POOL,73278L105,2781585,0.038592,436357.000,USD
AES CORP,AES,00130H105,2002479,0.038230,7480222.000,USD
SNAP ON INC,SNA,833034101,2818740,0.038018,595638.000,USD
SOLAREDGE TECHNOLOGIES INC,SEDG,83417M104,BWC52Q6,0.037956,625985.000,USD
LKQ CORP,LKQ,501889208,2971029,0.037950,2837532.000,USD
EQT CORP,EQT,26884L109,2319414,0.037675,4067064.000,USD
AVERY DENNISON CORP,AVY,053611109,2066408,0.037330,914583.000,USD
AKAMAI TECHNOLOGIES INC,AKAM,00971T101,2507457,0.037297,1705685.000,USD
DOMINO S PIZZA INC,DPZ,25754A201,B01SD70,0.037072,399536.000,USD
EVERGY INC,EVRG,30034W106,BFMXGR0,0.036644,2570561.000,USD
ALLIANT ENERGY CORP,LNT,018802108,2973821,0.036505,2811551.000,USD
LIVE NATION ENTERTAINMENT IN,LYV,538034109,B0T7YX2,0.036429,1583067.000,USD
TEXTRON INC,TXT,883203101,2885937,0.035982,2260289.000,USD
PACKAGING CORP OF AMERICA,PKG,695156109,2504566,0.035952,1007824.000,USD
MASCO CORP,MAS,574599106,2570200,0.035565,2512996.000,USD
BIO TECHNE CORP,TECH,09073M104,BSHZ3Q0,0.035482,1761401.000,USD
MOSAIC CO/THE,MOS,61945C103,B3NPHP6,0.035385,3805381.000,USD
EPAM SYSTEMS INC,EPAM,29414B104,B44Z3T8,0.035027,639370.000,USD
TRIMBLE INC,TRMB,896239100,2903958,0.034908,2775956.000,USD
MOLSON COORS BEVERAGE CO   B,TAP,60871R209,B067BM3,0.034562,2092764.000,USD
NORDSON CORP,NDSN,655663102,2641838,0.034412,601080.000,USD
CARMAX INC,KMX,143130102,2983563,0.034357,1797271.000,USD
UDR INC,UDR,902653104,2727910,0.033794,3422730.000,USD
AXON ENTERPRISE INC,AXON,05464C101,BDT5S35,0.033110,786990.000,USD
VIATRIS INC,VTRS,92556V106,BMWS3X9,0.033033,13578495.000,USD
JACK HENRY + ASSOCIATES INC,JKHY,426281101,2469193,0.033009,814491.000,USD
KIMCO REALTY CORP,KIM,49446R109,2491594,0.032894,6832863.000,USD
BROWN FORMAN CORP CLASS B,BF-B,115637209,2146838,0.032877,2016447.000,USD
LEIDOS HOLDINGS INC,LDOS,525327102,BDV82B8,0.032754,1519992.000,USD
HOST HOTELS + RESORTS INC,HST,44107P104,2567503,0.032689,8006801.000,USD
INTERPUBLIC GROUP OF COS INC,IPG,460690100,2466321,0.032568,4344251.000,USD
MATCH GROUP INC,MTCH,57667L107,BK80XH9,0.032305,3130402.000,USD
WESTERN DIGITAL CORP,WDC,958102105,2954699,0.032290,3575925.000,USD
WR BERKLEY CORP,WRB,084423102,2093644,0.032259,2272685.000,USD
CELANESE CORP,CE,150870103,B05MZT4,0.032187,1110765.000,USD
CAESARS ENTERTAINMENT INC,CZR,12769G100,BMWWGB0,0.032159,2368565.000,USD
APA CORP,APA,03743Q108,BNNF1C1,0.031981,3458408.000,USD
INTERNATIONAL PAPER CO,IP,460146103,2465254,0.031938,4027873.000,USD
CAMDEN PROPERTY TRUST,CPT,133131102,2166320,0.031934,1233180.000,USD
HEALTHPEAK PROPERTIES INC,PEAK,42250P103,BJBLRK3,0.031495,6123208.000,USD
TELEFLEX INC,TFX,879369106,2881407,0.031438,525308.000,USD
FMC CORP,FMC,302491303,2328603,0.031411,1403628.000,USD
ETSY INC,ETSY,29786A106,BWTN5N1,0.031114,1401637.000,USD
LOEWS CORP,L,540424108,2523022,0.030972,2172662.000,USD
INCYTE CORP,INCY,45337C102,2471950,0.030947,2075994.000,USD
HORMEL FOODS CORP,HRL,440452100,2437264,0.030629,3225017.000,USD
C.H. ROBINSON WORLDWIDE INC,CHRW,12541W209,2116228,0.030107,1315684.000,USD
WYNN RESORTS LTD,WYNN,983134107,2963811,0.029739,1169208.000,USD
NISOURCE INC,NI,65473P105,2645409,0.029620,4507443.000,USD
SEAGATE TECHNOLOGY HOLDINGS,STX,G7997R103,BKVD2N4,0.029583,2173596.000,USD
ALLEGION PLC,ALLE,G0176J109,BFRT3W7,0.029391,989751.000,USD
GEN DIGITAL INC,GEN,668771108,BJN4XN5,0.029390,6416626.000,USD
BORGWARNER INC,BWA,099724106,2111955,0.028554,2656216.000,USD
KEYCORP,KEY,493267108,2490911,0.028383,10452125.000,USD
HENRY SCHEIN INC,HSIC,806407102,2416962,0.028376,1515140.000,USD
PENTAIR PLC,PNR,G7S00T104,BLS09M3,0.028370,1829665.000,USD
AMERICAN AIRLINES GROUP INC,AAL,02376R102,BCV7KT2,0.028352,7286719.000,USD
CHARLES RIVER LABORATORIES,CRL,159864107,2604336,0.028104,569766.000,USD
QORVO INC,QRVO,74736K101,BR9YYP4,0.027997,1118282.000,USD
EASTMAN CHEMICAL CO,EMN,277432100,2298386,0.027763,1341037.000,USD
CERIDIAN HCM HOLDING INC,CDAY,15677J108,BFX1V56,0.027304,1706177.000,USD
ROLLINS INC,ROL,775711104,2747305,0.027112,2587895.000,USD
GLOBE LIFE INC,GL,37959E102,BK6YKG1,0.026879,1008243.000,USD
TAPESTRY INC,TPR,876030107,BF09HX3,0.026458,2691819.000,USD
MARKETAXESS HOLDINGS INC,MKTX,57060D108,B03Q9D0,0.026391,419130.000,USD
REGENCY CENTERS CORP,REG,758849103,2726177,0.026333,1724808.000,USD
SMITH (A.O.) CORP,AOS,831865209,2816023,0.025109,1429367.000,USD
UNIVERSAL HEALTH SERVICES B,UHS,913903100,2923785,0.025075,717059.000,USD
JUNIPER NETWORKS INC,JNPR,48203R104,2431846,0.025005,3588154.000,USD
PINNACLE WEST CAPITAL,PNW,723484101,2048804,0.024955,1252766.000,USD
F5 INC,FFIV,315616102,2427599,0.024626,662836.000,USD
CAMPBELL SOUP CO,CPB,134429109,2162845,0.024385,2255143.000,USD
GENERAC HOLDINGS INC,GNRC,368736104,B6197Q2,0.024037,696731.000,USD
HUNTINGTON INGALLS INDUSTRIE,HII,446413106,B40SSC9,0.023983,443142.000,USD
NRG ENERGY INC,NRG,629377508,2212922,0.023486,2620633.000,USD
BIO RAD LABORATORIES A,BIO,090572207,2098508,0.023329,237405.000,USD
FOX CORP   CLASS A,FOXA,35137L105,BJJMGL2,0.023242,3016579.000,USD
BOSTON PROPERTIES INC,BXP,101121101,2019479,0.023200,1567865.000,USD
ROBERT HALF INC,RHI,770323103,2110703,0.022982,1226058.000,USD
DENTSPLY SIRONA INC,XRAY,24906P109,BYNPPC6,0.022861,2411302.000,USD
CATALENT INC,CTLT,148806102,BP96PQ4,0.022714,2016535.000,USD
NORWEGIAN CRUISE LINE HOLDIN,NCLH,G66721104,B9CGTC3,0.021920,4620715.000,USD
FRANKLIN RESOURCES INC,BEN,354613101,2350684,0.021854,3193843.000,USD
WESTROCK CO,WRK,96145D105,BYR0914,0.021213,2831413.000,USD
HASBRO INC,HAS,418056107,2414580,0.021138,1420901.000,USD
BATH + BODY WORKS INC,BBWI,070830104,BNNTGJ5,0.020831,2541046.000,USD
WHIRLPOOL CORP,WHR,963320106,2960384,0.020750,606873.000,USD
PARAMOUNT GLOBAL CLASS B,PARA,92556H206,BKTNTR9,0.019852,5625724.000,USD
INVESCO LTD,IVZ,G491BT108,B28XP76,0.019684,5067906.000,USD
NEWS CORP   CLASS A,NWSA,65249B109,BBGVT40,0.019587,4344983.000,USD
FEDERAL REALTY INVS TRUST,FRT,313745101,BN7P9B2,0.019549,817790.000,USD
SEALED AIR CORP,SEE,81211K100,2232793,0.018062,1653982.000,USD
ASSURANT INC,AIZ,04621X108,2331430,0.017977,593486.000,USD
COMERICA INC,CMA,200340107,2212870,0.017221,1466755.000,USD
DXC TECHNOLOGY CO,DXC,23355L106,BYXD7B3,0.017044,2559996.000,USD
VF CORP,VFC,918204108,2928683,0.016331,3699548.000,USD
ALASKA AIR GROUP INC,ALK,011659109,2012605,0.015557,1381740.000,USD
MOHAWK INDUSTRIES INC,MHK,608190104,2598699,0.015132,572454.000,USD
DAVITA INC,DVA,23918K108,2898087,0.014930,620565.000,USD
ORGANON + CO,OGN,68622V106,BLDC8J4,0.014294,2813556.000,USD
ZIONS BANCORP NA,ZION,989701107,2989828,0.014041,1679248.000,USD
RALPH LAUREN CORP,RL,751212101,B4V9661,0.013752,459188.000,USD
ADVANCE AUTO PARTS INC,AAP,00751Y106,2822019,0.011275,674312.000,USD
FOX CORP   CLASS B,FOX,35137L204,BJJMGY5,0.011274,1557253.000,USD
LINCOLN NATIONAL CORP,LNC,534187109,2516378,0.011065,1726146.000,USD
NEWELL BRANDS INC,NWL,651229106,2635701,0.009842,4203153.000,USD
NEWS CORP   CLASS B,NWS,65249B208,BBGVT51,0.006219,1362644.000,USD
FORTREA HOLDINGS INC,FTRE,34965K107,BRXYZ57,0.000003,318.000,USD